company,Product code,Number,address,city,country,name
phillips,radio,5,Groningensingel 147,arnhem,the netherlands,m p. jansen
phillips,radio,43,Groningensingel 148,arnhem,the netherlands,m p. hansen
phillips,Computer,3,Groningensingel 149,arnhem,the netherlands,m j. Gansen
phillips,Computer,34,Groningensingel 150,arnhem,the netherlands,m p. mansen
phillips,Computer,12,Groningensingel 151,arnhem,the netherlands,m p. fransen
phillips,radio,23,Groningensingel 152,arnhem,the netherlands,m p. franssen
akzo,TV,43,Leeuwardenweg 178,arnhem,the netherlands,m p. bansen
akzo,TV,12,Leeuwardenweg 179,arnhem,the netherlands,m p. vansen
akzo,Computer,5,Leeuwardenweg 180,arnhem,the netherlands,m p. bransen
akzo,radio,34,Leeuwardenweg 181,arnhem,the netherlands,m p. janssen
akzo,tablet,5,Leeuwardenweg 182,arnhem,the netherlands,mevr l.  rokken
akzo,tablet,9,Leeuwardenweg 183,arnhem,the netherlands,mevr l.  lokken
akzo,Computer,8,Leeuwardenweg 184,arnhem,the netherlands,mevr l.  mokken
phillips,radio,56,Delfzijlstraat 54,arnhem,the netherlands,mevr l.  mokken
phillips,TV,67,Delfzijlstraat 55,arnhem,the netherlands,mevr l.  mokken
phillips,TV,21,Delfzijlstraat 56,arnhem,the netherlands,mevr l.  mokken
Van Houten,Computer,45,Delfzijlstraat 57,arnhem,the netherlands,mevr l.  sokken
Van Houten,TV,56,Delfzijlstraat 58,arnhem,the netherlands,mevr l.  wokken
Van Houten,TV,65,Delfzijlstraat 59,arnhem,the netherlands,mevr l.  kokken
Van Houten,Computer,21,Delfzijlstraat 60,arnhem,the netherlands,mevr l.  Bokken
Van Houten,radio,23,Delfzijlstraat 61,arnhem,the netherlands,mevr l.  dokken
unilever,Computer,3,Jourestraat 23,arnhem,the netherlands,mevr l.  gokken
unilever,tablet,4,Jourestraat 24,arnhem,the netherlands,mevr l.  stokken
unilever,tablet,6,Jourestraat 25,arnhem,the netherlands,mevr l.  rokken
unilever,tablet,8,Jourestraat 26,arnhem,the netherlands,mevr l.  rokken
